-- phpMyAdmin SQL Dump
-- version 4.7.0
-- https://www.phpmyadmin.net/
--
-- Host: localhost:3306
-- Generation Time: Apr 16, 2018 at 10:39 AM
-- Server version: 5.6.34-log
-- PHP Version: 7.1.5

SET SQL_MODE = "NO_AUTO_VALUE_ON_ZERO";
SET AUTOCOMMIT = 0;
START TRANSACTION;
SET time_zone = "+00:00";


/*!40101 SET @OLD_CHARACTER_SET_CLIENT=@@CHARACTER_SET_CLIENT */;
/*!40101 SET @OLD_CHARACTER_SET_RESULTS=@@CHARACTER_SET_RESULTS */;
/*!40101 SET @OLD_COLLATION_CONNECTION=@@COLLATION_CONNECTION */;
/*!40101 SET NAMES utf8mb4 */;

--
-- Database: `pinsight-inspiration-hunter`
--

-- --------------------------------------------------------

--
-- Table structure for table `follow`
--

CREATE TABLE `follow` (
  `id` int(11) NOT NULL,
  `sender` int(11) NOT NULL,
  `receiver` int(11) NOT NULL
) ENGINE=InnoDB DEFAULT CHARSET=utf8mb4 COLLATE=utf8mb4_unicode_ci;

--
-- Dumping data for table `follow`
--

INSERT INTO `follow` (`id`, `sender`, `receiver`) VALUES
(12, 43, 44),
(30, 44, 41),
(31, 45, 44),
(32, 42, 43),
(33, 41, 44);

-- --------------------------------------------------------

--
-- Table structure for table `posts`
--

CREATE TABLE `posts` (
  `id` int(11) UNSIGNED NOT NULL,
  `image` varchar(255) NOT NULL DEFAULT '',
  `thumb_image` varchar(255) NOT NULL,
  `description` varchar(255) NOT NULL DEFAULT '',
  `user_id` int(11) NOT NULL,
  `post_time` timestamp NOT NULL DEFAULT CURRENT_TIMESTAMP ON UPDATE CURRENT_TIMESTAMP
) ENGINE=InnoDB DEFAULT CHARSET=utf8mb4;

--
-- Dumping data for table `posts`
--

INSERT INTO `posts` (`id`, `image`, `thumb_image`, `description`, `user_id`, `post_time`) VALUES
(7, 'uploads/the-jungle.jpg', 'uploads/thumbs/thumb-the-jungle.jpg', 'Voila', 44, '2018-04-11 09:53:43'),
(8, 'uploads/pexels-photo-457882.jpeg', 'uploads/thumbs/thumb-pexels-photo-457882.jpeg', 'Hello World', 41, '2018-04-11 09:53:54'),
(9, 'uploads/blog_072117_house-senate-vote-horse-slaughter_main_1.jpg', 'uploads/thumbs/thumb-blog_072117_house-senate-vote-horse-slaughter_main_1.jpg', 'Hellow World', 41, '2018-04-11 09:32:01'),
(10, 'uploads/Simplest-Responsive-jQuery-Image-Lightbox-Plugin-simple-lightbox.jpg', 'uploads/thumbs/thumb-Simplest-Responsive-jQuery-Image-Lightbox-Plugin-simple-lightbox.jpg', 'dsadsa', 42, '2018-04-11 09:32:01'),
(11, 'uploads/unnamed.jpg', 'uploads/thumbs/thumb-unnamed.jpg', 'sadsad', 42, '2018-04-11 09:32:01'),
(12, 'uploads/blog_072117_house-senate-vote-horse-slaughter_main_1.jpg', 'uploads/thumbs/thumb-blog_072117_house-senate-vote-horse-slaughter_main_1.jpg', 'dsadasd', 43, '2018-04-11 09:32:01'),
(13, 'uploads/ourHistory_retina.jpg', 'uploads/thumbs/thumb-ourHistory_retina.jpg', 'asdsadsada', 41, '2018-04-11 09:32:01'),
(14, 'uploads/min-kyung-6.jpg', 'uploads/thumbs/thumb-min-kyung-6.jpg', 'dsaas', 44, '2018-04-11 09:32:01'),
(15, 'uploads/min-kyung-2.jpg', 'uploads/thumbs/thumb-min-kyung-2.jpg', 'sadsad', 44, '2018-04-11 09:32:01'),
(16, 'uploads/min-kyung.jpg', 'uploads/thumbs/thumb-min-kyung.jpg', 'sadsafsafa', 44, '2018-04-11 09:32:01'),
(19, 'uploads/emailflights_flight_ss_1.jpg', 'uploads/thumbs/thumb-emailflights_flight_ss_1.jpg', 'sadad', 43, '2018-04-11 09:32:01'),
(20, 'uploads/the-jungle.jpg', 'uploads/thumbs/thumb-the-jungle.jpg', 'sada', 43, '2018-04-11 09:32:01'),
(21, 'uploads/134345-OSIGJ9-67.png', 'uploads/thumbs/thumb-134345-OSIGJ9-67.png', 'Hello', 43, '2018-04-16 08:19:30');

-- --------------------------------------------------------

--
-- Table structure for table `relationship`
--

CREATE TABLE `relationship` (
  `id` int(11) NOT NULL,
  `user_one_id` int(11) NOT NULL,
  `user_two_id` int(11) NOT NULL,
  `status` tinyint(4) NOT NULL,
  `action_user_id` int(11) NOT NULL
) ENGINE=InnoDB DEFAULT CHARSET=utf8mb4 COLLATE=utf8mb4_unicode_ci;

--
-- Dumping data for table `relationship`
--

INSERT INTO `relationship` (`id`, `user_one_id`, `user_two_id`, `status`, `action_user_id`) VALUES
(2, 43, 44, 1, 44),
(3, 41, 44, 0, 44),
(4, 44, 45, 0, 45),
(5, 42, 43, 1, 42),
(7, 42, 44, 1, 44);

-- --------------------------------------------------------

--
-- Table structure for table `users`
--

CREATE TABLE `users` (
  `id` int(11) NOT NULL,
  `fullname` varchar(255) COLLATE utf8mb4_unicode_ci NOT NULL,
  `username` varchar(255) COLLATE utf8mb4_unicode_ci NOT NULL,
  `email` varchar(255) COLLATE utf8mb4_unicode_ci NOT NULL,
  `password` varchar(255) COLLATE utf8mb4_unicode_ci NOT NULL,
  `bio` varchar(255) COLLATE utf8mb4_unicode_ci NOT NULL,
  `avatar_status` int(1) NOT NULL,
  `avatar` varchar(255) COLLATE utf8mb4_unicode_ci NOT NULL
) ENGINE=InnoDB DEFAULT CHARSET=utf8mb4 COLLATE=utf8mb4_unicode_ci;

--
-- Dumping data for table `users`
--

INSERT INTO `users` (`id`, `fullname`, `username`, `email`, `password`, `bio`, `avatar_status`, `avatar`) VALUES
(41, 'Bibi Treffers', 'bix2', 'bibi@test.com', '$2y$10$RBx.sPj9SmwhHn/2rnzAtuIBhtgBd9QXl8Ani/kjHa53.r4tPZa8.', 'test', 1, 'users/avatars/c22b4d71246577df1c4235567337d271.png'),
(42, 'Louiza Vanherp', 'louiza', 'loulou@test.com', '$2y$10$mmNh0CEUNyV4o9eMQt1lZ.qYNgYomnlormRyf5nwSZ1qa5LrE5wUS', '', 1, 'users/avatars/d6322af44b56c6802e81bfcd837f7503.jpg'),
(43, 'Robert Vaida', 'codemaster', 'robertvaida@hotmail.com', '$2y$10$zQIS7Z9kcxwXZ0q6Ybi..e4mK7pEbUWuQHPZ7uBWt2ihhh45Uxh6a', '', 1, 'users/avatars/5318f41aeef98fcf81ba7c9a388a263a.png'),
(44, 'Michelle Eve', 'michi', 'michi@test.com', '$2y$10$ynNoE9GlUCL8rw.A8Ad2BeFIFkGi6Q2/FNXO4rhr0LisU.0jIWJty', '', 1, 'users/avatars/83c34e55e78b3f416b091594fc8b6e76.jpg'),
(45, 'radu nicodim', 'rnicko14', 'r_nicko_14@yahoo.com', '$2y$10$kn5MnJcXWwG7t4IIAXYAbuxtz7bncGrZhrVGkVHf1r8EThOvZ3UH.', '', 1, 'users/avatars/8352adbd88439d0828e627f29220f3d7.jpg'),
(46, 'Coco Moco', 'cocoMOCO', 'sdada@hotmail.com', '$2y$10$X4Rhnv6XDtqDJeMwnFh5pOAVt2awyWJ4BSQQI7g1ZMZCvnd8KJ7Ji', '', 0, ''),
(47, 'Robocop', 'roboCop', 'teweg@hotmail.com', '$2y$10$6iZ8.1fVE4HRJDkqm5KUa.G59uXgshZimI4KHb6XfbmXANHcWUhhG', '', 0, '');

--
-- Indexes for dumped tables
--

--
-- Indexes for table `follow`
--
ALTER TABLE `follow`
  ADD PRIMARY KEY (`id`);

--
-- Indexes for table `posts`
--
ALTER TABLE `posts`
  ADD PRIMARY KEY (`id`);

--
-- Indexes for table `relationship`
--
ALTER TABLE `relationship`
  ADD PRIMARY KEY (`id`);

--
-- Indexes for table `users`
--
ALTER TABLE `users`
  ADD PRIMARY KEY (`id`);

--
-- AUTO_INCREMENT for dumped tables
--

--
-- AUTO_INCREMENT for table `follow`
--
ALTER TABLE `follow`
  MODIFY `id` int(11) NOT NULL AUTO_INCREMENT, AUTO_INCREMENT=34;
--
-- AUTO_INCREMENT for table `posts`
--
ALTER TABLE `posts`
  MODIFY `id` int(11) UNSIGNED NOT NULL AUTO_INCREMENT, AUTO_INCREMENT=22;
--
-- AUTO_INCREMENT for table `relationship`
--
ALTER TABLE `relationship`
  MODIFY `id` int(11) NOT NULL AUTO_INCREMENT, AUTO_INCREMENT=8;
--
-- AUTO_INCREMENT for table `users`
--
ALTER TABLE `users`
  MODIFY `id` int(11) NOT NULL AUTO_INCREMENT, AUTO_INCREMENT=48;COMMIT;

/*!40101 SET CHARACTER_SET_CLIENT=@OLD_CHARACTER_SET_CLIENT */;
/*!40101 SET CHARACTER_SET_RESULTS=@OLD_CHARACTER_SET_RESULTS */;
/*!40101 SET COLLATION_CONNECTION=@OLD_COLLATION_CONNECTION */;
